id,yr,mon,day,sunrise,sunset,peak_hr,duration,ffmc,dmc,dc,isi,bui,fwi,dsr,gfmc,gsi,gfwi,ws_smooth,isi_smooth,gsi_smooth
PRF,2007,5,10,05:44,20:26,19,0,87.3129,8.4432,21.1467,3.6004,8.4509,3.4654,0.2454,88.2649,5.3073,15.1738,5.2229,3.7912,7.4157
PRF,2007,5,11,05:43,20:28,19,7,88.2851,10.5969,27.3831,6.8259,10.7721,7.5462,0.9731,86.8763,31.814,27.9655,12.2706,6.2154,27.3203
PRF,2007,5,12,05:42,20:29,19,11,91.0388,12.6418,32.1069,9.0752,12.7415,10.4615,1.7348,88.0984,32.0172,28.0109,10.1137,8.2731,26.3965
PRF,2007,5,13,05:40,20:30,17,12,91.5165,14.8864,36.37,10.2206,14.8752,12.4002,2.3439,88.4974,40.3692,29.6666,13.0006,10.2415,40.5064
PRF,2007,5,14,05:39,20:31,15,9,91.9807,17.9607,41.4316,11.428,17.921,14.7814,3.1987,88.7227,49.583,31.135,13.7775,11.3749,49.2317
PRF,2007,5,15,05:38,20:33,17,0,41.9293,7.0455,40.4756,0.0646,9.8183,0.0386,0.0001,65.1315,0.0,0.0,4.6903,0.0624,0.0
PRF,2007,5,16,05:37,20:34,17,0,37.9919,0.0946,26.2353,0.036,0.1875,0.0078,0.0,50.4423,0.0,0.0,7.2019,0.0334,0.0
PRF,2007,5,17,05:36,20:35,19,0,86.6561,2.5471,32.2435,5.107,4.254,3.5988,0.2624,85.4146,26.8324,26.749,11.1425,4.653,22.6148
PRF,2007,5,18,05:34,20:36,19,6,90.6094,5.2365,37.7523,7.3975,7.7764,6.9442,0.8399,87.2958,23.327,25.7491,7.8346,6.9371,19.0459
PRF,2007,5,19,05:33,20:37,23,12,91.1176,9.4927,44.7014,8.3145,12.4015,9.5981,1.4895,84.2103,15.7749,22.9548,9.4851,8.1056,14.802
PRF,2007,5,20,05:32,20:39,5,0,86.9396,9.4927,44.7014,3.8726,12.4015,4.7217,0.4243,80.4035,2.3408,9.3266,6.7,3.8726,2.3407
PRF,2007,5,21,05:31,20:40,18,10,92.5757,13.0935,54.1635,8.321,16.3225,10.9873,1.8921,87.7348,13.5575,21.8728,6.5479,8.594,16.4514
PRF,2007,5,22,05:30,20:41,18,11,92.7102,16.8419,60.4446,9.5473,19.8539,13.5116,2.7285,86.9107,23.9002,25.9224,7.6126,9.2409,21.3015
PRF,2007,5,23,05:29,20:42,16,12,91.6846,20.4453,66.6539,12.5367,23.1433,17.9032,4.4901,84.0525,48.9686,31.046,15.6106,11.9631,46.1657
PRF,2007,5,24,05:28,20:43,17,10,94.0542,25.9558,75.8215,14.3111,27.9723,21.576,6.2474,85.2618,44.7331,30.3998,14.4969,15.7702,52.1126
PRF,2007,5,25,05:28,20:44,19,14,91.0427,31.2892,85.3672,11.5357,32.6556,19.9122,5.4201,82.2341,38.0894,29.2514,14.6638,10.4108,33.3311
PRF,2007,5,26,05:27,20:45,17,6,89.7355,34.1905,91.1744,7.0718,35.2934,14.3693,3.0425,83.4785,24.7478,26.1714,9.1781,6.5498,20.5331
PRF,2007,5,27,05:26,20:46,17,0,58.6977,34.1775,97.1414,0.6908,36.3671,0.9299,0.0239,3.6718,0.0,0.0,11.24,0.6609,0.0
PRF,2007,5,28,05:25,20:47,17,0,76.3182,26.104,98.4444,1.2645,31.3955,2.5096,0.1386,80.3004,8.6777,18.6858,10.1419,1.3826,11.5006
PRF,2007,5,29,05:24,20:48,18,4,90.109,29.2481,105.5701,6.1331,34.5595,12.7105,2.4487,83.0997,13.2875,21.7292,7.2967,6.2851,14.8147
PRF,2007,5,30,05:24,20:49,17,0,61.8734,26.6928,112.4224,0.6196,33.5003,0.7883,0.0179,76.7189,1.0701,3.7355,4.7208,0.5784,0.5964
PRF,2007,5,31,05:23,20:50,17,0,53.3865,11.6876,99.0423,0.4369,18.0501,0.3715,0.0047,78.1641,13.4002,21.7895,11.3671,0.4232,12.6064
PRF,2007,6,1,05:22,20:51,17,0,63.1238,3.932,77.6081,0.7389,6.9799,0.3705,0.0047,79.1439,11.3971,20.633,6.0532,0.6588,6.8488
PRF,2007,6,2,05:22,20:52,17,0,64.1064,1.3499,65.7213,0.6757,2.5679,0.2259,0.002,78.658,5.3691,15.2566,4.8441,0.6482,3.5565
PRF,2007,6,3,05:21,20:53,17,0,81.722,2.413,73.35,2.061,4.4592,0.8446,0.0202,76.4191,7.2255,17.3777,11.23,2.4253,11.0565
PRF,2007,6,4,05:21,20:54,17,0,15.0529,0.0444,65.2449,0.0,0.0886,0.0,0.0,33.4041,0.0,0.0,9.6184,0.0,0.0
PRF,2007,6,5,05:20,20:54,17,0,7.3196,0.0051,32.0778,0.0,0.0103,0.0,0.0,4.8019,0.0,0.0,12.8587,0.0,0.0
PRF,2007,6,6,05:20,20:55,17,0,73.6772,1.2255,35.1297,1.3485,2.2544,0.4327,0.0062,71.6776,7.7816,17.9073,10.7929,1.2343,6.563
PRF,2007,6,7,05:19,20:56,17,0,56.0559,0.4847,35.1475,0.6942,0.9371,0.1801,0.0013,68.652,5.8441,15.8621,16.7094,0.7097,6.004
PRF,2007,6,8,05:19,20:57,16,2,87.1925,2.9165,42.3547,5.9326,4.9764,4.5602,0.399,69.6148,10.1914,19.8343,14.125,5.8362,9.9505
PRF,2007,6,9,05:19,20:57,19,0,86.2198,3.0454,27.4458,2.977,4.7681,1.8353,0.0797,71.387,1.1591,4.3063,3.0396,2.9081,1.016
PRF,2007,6,10,05:18,20:58,17,5,90.532,6.2549,33.8726,6.5683,8.5587,6.5079,0.7488,69.8389,3.8623,12.9036,6.0729,6.278,3.0327
PRF,2007,6,11,05:18,20:59,18,6,92.0144,11.1013,42.6547,7.0176,13.4508,8.6412,1.2368,69.6481,1.3639,5.4684,4.0415,6.9977,1.3462
PRF,2007,6,12,05:18,20:59,17,10,94.051,16.2817,50.9914,11.0051,18.1083,14.4298,3.0652,67.8648,3.8483,12.8777,7.4477,11.0505,3.9125
PRF,2007,6,13,05:18,21:00,18,5,89.639,21.0505,60.2713,7.2506,22.4759,11.5592,2.0699,65.1748,3.8191,12.8234,8.3041,6.1814,2.565
PRF,2007,6,14,05:18,21:00,15,0,87.581,23.658,67.0382,4.3218,25.1379,7.9368,1.064,65.4056,1.8618,7.6913,7.2211,4.3566,1.9274
PRF,2007,6,15,05:18,21:01,18,5,90.8768,28.0842,77.3344,6.3602,29.4402,11.999,2.2113,64.9688,1.0138,3.836,6.5473,6.7544,1.5476
PRF,2007,6,16,05:17,21:01,17,7,88.7661,31.7835,85.6229,5.9009,32.9703,12.0137,2.2161,62.6725,2.1186,8.6144,11.4371,6.3858,2.5191
PRF,2007,6,17,05:17,21:02,18,6,90.8411,36.1693,94.6054,6.8103,36.9868,14.3092,3.02,62.4999,1.1092,3.992,7.3838,7.0094,1.2588
PRF,2007,6,18,05:18,21:02,19,0,85.6076,38.6558,102.6269,3.6902,39.8173,9.069,1.3472,60.1039,0.8766,3.317,9.3108,3.6608,0.8582
PRF,2007,6,19,05:18,21:03,14,0,86.2132,40.476,108.3446,4.1323,41.8581,10.2752,1.6805,59.5645,1.134,4.1498,10.2034,4.1685,1.1576
PRF,2007,6,20,05:18,21:03,18,0,85.1743,13.1915,89.5369,4.2019,19.2813,6.6301,0.7739,57.9196,1.0577,3.6526,10.3314,3.6291,0.7995
PRF,2007,6,21,05:18,21:03,17,0,74.3885,13.8576,96.0131,1.096,20.3665,1.0525,0.0298,55.5474,0.0,0.0,9.6136,1.2032,0.112
PRF,2007,6,22,05:18,21:03,18,4,87.5217,15.5949,103.0789,5.622,22.6304,9.397,1.4347,57.1499,0.8717,3.2983,12.1744,5.5445,0.8504
PRF,2007,6,23,05:18,21:04,18,7,89.9117,18.4383,109.4297,7.6623,25.9469,13.0166,2.554,57.0125,0.8958,3.3894,10.9507,7.3451,0.8235
PRF,2007,6,24,05:19,21:04,15,0,85.3689,20.5227,115.1405,3.0107,28.3933,6.1323,0.674,57.7234,0.3142,1.189,5.6445,2.9439,0.2679
PRF,2007,6,25,05:19,21:04,19,0,85.1455,19.432,125.364,3.3496,28.0099,6.7215,0.7928,56.6577,0.5207,1.9701,6.9206,3.0439,0.3675
PRF,2007,6,26,05:19,21:04,18,7,89.644,22.9384,134.0907,7.3329,32.1341,14.0642,2.9291,55.7389,0.8201,3.103,10.6242,6.953,0.7355
PRF,2007,6,27,05:20,21:04,18,6,89.3956,27.1252,143.8367,7.8699,36.8685,15.9549,3.6618,54.6757,0.8249,3.1212,14.0166,7.9603,0.8393
PRF,2007,6,28,05:20,21:04,19,0,86.839,18.4793,143.3034,3.9698,27.9485,7.8319,1.0392,55.1413,0.2528,0.9566,7.7829,4.0317,0.2681
PRF,2007,6,29,05:21,21:04,16,4,88.4901,20.9284,148.9765,7.3893,30.9775,13.8782,2.8609,53.3783,0.7351,2.7816,14.8894,7.3039,0.7235
PRF,2007,6,30,05:21,21:04,17,0,74.1525,22.5389,155.8329,1.0907,33.1068,2.1335,0.104,54.0541,0.1855,0.7019,6.5252,1.0179,0.1379
PRF,2007,7,1,05:22,21:04,17,0,83.5945,24.3315,162.1695,2.9872,35.3889,6.9975,0.8514,50.7883,0.0232,0.0878,10.1344,2.9033,0.0218
PRF,2007,7,2,05:22,21:04,17,0,64.7474,19.7355,168.966,0.5549,30.5503,0.6633,0.0132,50.4913,0.0,0.0,3.3805,0.6186,0.0
PRF,2007,7,3,05:23,21:03,17,0,86.4632,22.0212,176.4711,3.1834,33.5698,7.1755,0.8901,54.2641,0.0622,0.2353,3.5347,3.0859,0.0534
PRF,2007,7,4,05:23,21:03,17,0,59.8314,16.1807,179.5318,0.535,26.4106,0.5803,0.0104,50.7629,0.0,0.0,6.0645,0.5492,0.0
PRF,2007,7,5,05:24,21:03,17,0,78.1552,13.9144,183.573,1.4249,23.3955,2.254,0.1146,53.6588,0.1974,0.747,6.9136,1.3512,0.1607
PRF,2007,7,6,05:25,21:03,17,0,74.3452,10.5032,186.7696,1.1266,18.4172,0.9699,0.0258,51.9876,0.0212,0.0801,8.8042,1.1527,0.0227
PRF,2007,7,7,05:25,21:02,17,0,74.396,11.8129,193.8637,0.9427,20.5025,0.8681,0.0212,52.178,0.0016,0.0062,4.1723,0.915,0.0014
PRF,2007,7,8,05:26,21:02,17,0,29.3495,0.4482,169.0353,0.0036,0.8906,0.0009,0.0,45.7553,0.0,0.0,5.6325,0.0038,0.0
PRF,2007,7,9,05:27,21:01,17,0,51.9753,0.9619,139.5843,0.2694,1.8913,0.0821,0.0003,52.7128,0.0326,0.1235,7.792,0.3047,0.0634
PRF,2007,7,10,05:28,21:01,17,0,83.4292,3.1408,147.8722,2.4894,5.9649,1.5828,0.0613,52.5,0.0702,0.2655,9.0602,2.6914,0.09
PRF,2007,7,11,05:29,21:00,17,0,74.5558,1.4875,132.6383,1.6293,2.8938,0.5668,0.01,51.6099,0.3256,1.2318,14.9438,1.5874,0.3145
PRF,2007,7,12,05:29,21:00,17,0,32.4146,0.5326,132.1087,0.0075,1.0546,0.002,0.0,33.9526,0.0,0.0,6.3068,0.0089,0.0
PRF,2007,7,13,05:30,20:59,17,0,72.3999,1.9467,139.0669,1.1301,3.7617,0.4327,0.0062,52.4944,0.2093,0.792,10.9369,1.1788,0.2294
PRF,2007,7,14,05:31,20:59,17,0,67.7077,3.3596,145.4836,0.7963,6.3524,0.3817,0.0049,45.0251,0.0,0.0,5.7504,0.7764,0.0
PRF,2007,7,15,05:32,20:58,17,0,77.5682,1.6152,146.8745,1.5424,3.144,0.5524,0.0095,52.4987,0.2339,0.8851,10.2565,1.5236,0.2276
PRF,2007,7,16,05:33,20:57,17,0,77.4276,2.2945,135.3676,1.4497,4.4024,0.591,0.0107,52.9872,0.243,0.9196,11.0086,1.565,0.2912
PRF,2007,7,17,05:34,20:56,19,6,90.6443,6.4802,144.0002,6.611,11.6497,7.6253,0.9912,53.7704,0.1865,0.7057,4.9725,6.0354,0.0939
PRF,2007,7,18,05:35,20:56,19,4,90.2995,10.1956,151.8523,5.716,17.4604,8.28,1.1468,54.0655,0.0908,0.3436,4.6448,5.6509,0.0867
PRF,2007,7,19,05:36,20:55,17,0,83.7363,12.0464,158.2958,2.6409,20.2418,4.3048,0.3603,52.4335,0.1085,0.4106,6.5408,2.468,0.082
PRF,2007,7,20,05:37,20:54,17,0,70.2342,1.587,96.2833,0.9083,3.0484,0.3218,0.0037,52.7991,0.1246,0.4715,10.8019,1.0858,0.2307
PRF,2007,7,21,05:38,20:53,18,5,90.0958,5.3509,104.2494,7.8553,9.4847,8.0418,1.089,52.5052,0.3357,1.2702,7.581,6.3637,0.1956
PRF,2007,7,22,05:39,20:52,18,5,90.7044,9.1464,112.0492,6.6038,15.1924,8.7241,1.2579,53.6183,0.1755,0.664,5.2882,6.1851,0.1126
PRF,2007,7,23,05:40,20:51,18,4,89.026,12.4858,119.9602,5.5287,19.8155,8.6143,1.23,53.0559,0.1897,0.718,8.2536,5.6463,0.2035
PRF,2007,7,24,05:41,20:50,18,0,88.4083,15.9545,128.1526,5.2316,24.335,9.1997,1.3818,52.8039,0.199,0.753,7.1895,4.8972,0.1578
PRF,2007,7,25,05:43,20:49,17,0,88.0413,18.947,135.9195,4.9883,28.1009,9.5757,1.4834,52.7713,0.2043,0.7732,7.7492,4.779,0.1778
PRF,2007,7,26,05:44,20:48,17,0,87.5081,22.2273,144.3201,4.2115,32.0963,8.9452,1.3149,52.9237,0.1327,0.5022,6.6578,4.1907,0.1296
PRF,2007,7,27,05:45,20:47,18,0,87.0085,25.3273,153.1512,4.367,35.8379,9.8343,1.555,52.3722,0.175,0.662,6.3995,3.8519,0.1089
PRF,2007,7,28,05:46,20:46,19,0,87.2285,28.0705,161.722,3.5383,39.1518,8.6586,1.2412,53.1088,0.0497,0.188,4.188,3.5555,0.0508
PRF,2007,7,29,05:47,20:45,16,0,88.8263,30.7617,167.773,5.3174,42.186,12.6644,2.433,52.8428,0.1765,0.6679,6.0927,4.9206,0.1233
PRF,2007,7,30,05:48,20:43,16,2,89.1535,34.4211,175.8393,5.7034,46.2219,14.0719,2.9319,53.1441,0.2163,0.8185,7.5995,5.5642,0.1985
PRF,2007,7,31,05:49,20:42,17,0,88.7522,37.7456,184.7307,5.1947,49.9671,13.661,2.7821,53.431,0.1872,0.7083,6.5848,4.9907,0.157
PRF,2007,8,1,05:51,20:41,17,7,89.8601,41.4399,193.386,9.0227,53.9682,21.4891,6.2029,52.3479,0.5184,1.9616,13.5032,8.2917,0.4593
PRF,2007,8,2,05:52,20:40,16,8,90.8834,45.3811,201.9369,9.3585,58.113,22.9071,6.9457,53.1991,0.5183,1.9611,12.39,9.0753,0.4922
PRF,2007,8,3,05:53,20:38,19,9,90.9839,37.7063,207.2841,9.8345,51.8383,22.3848,6.6678,53.3269,0.5787,2.1898,10.6485,8.4328,0.4394
PRF,2007,8,4,05:54,20:37,17,7,89.6152,40.7119,213.6774,7.3544,55.1531,18.7427,4.8695,53.6713,0.4103,1.5526,10.9131,7.0259,0.3753
PRF,2007,8,5,05:55,20:36,17,7,89.5938,44.2186,221.0065,7.7458,58.9505,20.1572,5.5387,53.8089,0.503,1.9032,10.7561,6.9492,0.4114
PRF,2007,8,6,05:57,20:34,18,0,87.3793,47.194,229.4483,5.531,62.3347,16.1963,3.7604,53.901,0.4388,1.6604,9.4764,4.7422,0.3081
PRF,2007,8,7,05:58,20:33,16,0,85.9796,49.45,236.1883,4.6162,64.9198,14.4322,3.0661,53.751,0.3933,1.488,10.8326,4.1637,0.325
PRF,2007,8,8,05:59,20:31,17,0,74.7033,28.6728,229.1677,0.9276,43.6821,2.232,0.1127,55.6416,0.0751,0.2841,8.0205,1.1286,0.2276
PRF,2007,8,9,06:00,20:30,17,0,86.4731,31.1451,235.8222,4.9388,46.8285,12.6612,2.4319,54.7197,0.5117,1.9361,10.0228,4.2852,0.3878
PRF,2007,8,10,06:02,20:28,18,2,89.8907,34.7815,243.6028,5.9385,51.2643,15.361,3.424,56.8796,0.3321,1.2568,5.4885,5.561,0.2227
PRF,2007,8,11,06:03,20:27,16,5,89.5421,37.6294,250.0975,5.608,54.688,15.2334,3.3738,57.4716,0.3679,1.3921,8.7607,6.238,0.5446
PRF,2007,8,12,06:04,20:25,15,4,86.1504,40.3289,257.3313,6.251,57.9522,17.0637,4.1242,55.1088,1.0377,3.9265,16.3144,5.6218,0.9204
PRF,2007,8,13,06:05,20:24,19,8,90.8719,45.0588,266.8104,7.8654,63.365,21.1651,6.0383,57.8408,0.7274,2.7524,9.8159,7.9582,0.7486
PRF,2007,8,14,06:06,20:22,16,0,85.2512,46.7764,271.6836,2.7856,65.4019,9.6493,1.5036,58.0476,0.119,0.4504,5.0218,2.8068,0.125
PRF,2007,8,15,06:08,20:20,17,0,78.3213,23.3471,261.4908,1.7201,38.1735,4.2702,0.3552,58.0917,0.8726,3.3017,11.0984,1.6924,0.8451
PRF,2007,8,16,06:09,20:19,17,7,89.3278,26.0799,268.411,7.1719,41.9658,15.9204,3.6478,58.7976,1.2784,5.0062,13.6669,7.7455,1.4508
PRF,2007,8,17,06:10,20:17,14,0,85.705,28.4104,273.3364,4.8712,45.1013,12.261,2.2975,58.0418,1.1456,4.2227,9.2535,3.7002,0.6081
PRF,2007,8,18,06:11,20:15,17,0,76.9914,12.0542,260.3603,1.2505,21.6074,1.6689,0.0673,59.1658,0.2447,0.9261,6.87,1.2292,0.2273
PRF,2007,8,19,06:13,20:14,18,0,85.9506,14.2223,266.6214,3.0877,25.0976,5.8095,0.6125,60.7869,0.2376,0.8989,5.4143,3.156,0.3065
PRF,2007,8,20,06:14,20:12,18,0,86.7675,16.5306,272.6243,3.3661,28.7093,6.8556,0.821,61.4766,0.2492,0.9428,4.8322,3.4395,0.2723
PRF,2007,8,21,06:15,20:10,18,4,89.0337,19.2765,278.9371,6.2507,32.8736,12.5589,2.3972,61.2239,1.3323,5.3011,9.3906,5.9858,1.2002
PRF,2007,8,22,06:16,20:09,17,0,81.0225,20.4573,284.5747,2.315,34.6816,5.418,0.5413,58.5038,0.2444,0.9246,9.8301,2.0836,0.1961
PRF,2007,8,23,06:18,20:07,17,0,78.6705,21.3067,291.3599,1.4284,36.0269,3.3073,0.226,59.7089,0.0,0.0,7.1202,1.4287,0.0
PRF,2007,8,24,06:19,20:05,17,0,71.746,11.4101,283.8621,1.2613,20.7364,1.6129,0.0634,61.0814,1.3849,5.5776,10.1346,1.105,1.0705
PRF,2007,8,25,06:20,20:03,17,0,5.0931,0.0196,229.3206,0.0,0.0392,0.0,0.0,14.3381,0.0,0.0,3.1252,0.0,0.0
PRF,2007,8,26,06:21,20:02,17,0,72.3566,1.8516,215.2735,0.8839,3.6253,0.3336,0.0039,64.0583,0.5413,2.0481,8.0887,1.0195,1.1606
